Title,segmento,email,Phone number,Website,Address,draft_asunto,draft_email,wa_mensaje,wa_link,estado,_origen
Plateas Punilla,WEB_PROPIA,plateaspunillaconstrucciones@gmail.com,03541 15-68-0682,https://plateaspunilla.com.ar/,"Berutti 2274, X5166 Cosquín, Córdoba",Una idea para la web de Plateas Punilla,"Hola, ¿cómo estás? Soy Jano Maciel | Clyra Studio, de Clyra Studio.

Entré a la web de Plateas Punilla y se nota que ya invirtieron en presencia. Tengo un par de ideas concretas para que rinda más en consultas (velocidad, claridad de la oferta y captación de leads).

¿Te interesa que te las pase en un mensaje corto, sin compromiso?

Saludos,
Jano Maciel | Clyra Studio
Clyra Studio — Desarrollo web
janomaciel1@gmail.com",,,pendiente,constructora-cosquin-cordoba.csv
Lionel Almada construcciónes,SIN_WEB,,,,"Esteban Echeverría 1460X5164, Santa María de Punilla, Córdoba",,,"Hola! Soy Jano Maciel | Clyra Studio de Clyra Studio 👋 Vi a Lionel Almada construcciónes en Google pero no encontré una web propia. Hoy quien te busca en Santa María de Punilla elige a las que aparecen primero con web y obras. Te puedo mostrar en 2 minutos una idea de cómo se vería la de Lionel Almada construcciónes, sin compromiso. ¿Te sirve?",,pendiente,constructora-cosquin-cordoba.csv
DYM-REVESTIMIENTOS,SIN_WEB,,03541 23-0501,,"Av. San Martin 1180, X5166 Cosquín, Córdoba",,,"Hola! Soy Jano Maciel | Clyra Studio de Clyra Studio 👋 Vi a DYM en Google pero no encontré una web propia. Hoy quien te busca en Cosquín elige a las que aparecen primero con web y obras. Te puedo mostrar en 2 minutos una idea de cómo se vería la de DYM, sin compromiso. ¿Te sirve?",https://wa.me/5493541230501,pendiente,constructora-cosquin-cordoba.csv
Obrador BRH,WEB_PROPIA,,,http://www.broggio.com.ar/,"Leopoldo Lugones, X5000 Cosquín, Córdoba",Una idea para la web de Obrador BRH,"Hola, ¿cómo estás? Soy Jano Maciel | Clyra Studio, de Clyra Studio.

Entré a la web de Obrador BRH y se nota que ya invirtieron en presencia. Tengo un par de ideas concretas para que rinda más en consultas (velocidad, claridad de la oferta y captación de leads).

¿Te interesa que te las pase en un mensaje corto, sin compromiso?

Saludos,
Jano Maciel | Clyra Studio
Clyra Studio — Desarrollo web
janomaciel1@gmail.com",,,pendiente,constructora-cosquin-cordoba.csv
Bialet Steel,SIN_WEB,,,,"Belgrano 1350, Bialet Massé, Córdoba",,,"Hola! Soy Jano Maciel | Clyra Studio de Clyra Studio 👋 Vi a Bialet Steel en Google pero no encontré una web propia. Hoy quien te busca en Bialet Massé elige a las que aparecen primero con web y obras. Te puedo mostrar en 2 minutos una idea de cómo se vería la de Bialet Steel, sin compromiso. ¿Te sirve?",,pendiente,constructora-cosquin-cordoba.csv
Constructora Alpi,SOLO_REDES,,03541 21-9840,https://www.instagram.com/alpiconstructora?igsh=ZGFmMTZuZDd1bWhp,"Av. San Martin 1777, X5166 Cosquín, Córdoba",,,"Hola! Soy Jano Maciel | Clyra Studio de Clyra Studio 👋 Vi tu Instagram de Constructora Alpi, se ve el laburo. El tema es que una red social no aparece en Google ni es 100% tuya — una web propia sí, y convierte mejor a quien te busca en Cosquín. ¿Te muestro cómo quedaría la de Constructora Alpi? Sin compromiso.",https://wa.me/5493541219840,pendiente,constructora-cosquin-cordoba.csv
doHouse Desarrollos Inmobiliarios,SIN_WEB,,0351 684-5712,,"Shopping Cosquín, Av. San Martin 877 Local 19, X5166 Cosquín, Córdoba",,,"Hola! Soy Jano Maciel | Clyra Studio de Clyra Studio 👋 Vi a doHouse Desarrollos Inmobiliarios en Google pero no encontré una web propia. Hoy quien te busca en Cosquín elige a las que aparecen primero con web y obras. Te puedo mostrar en 2 minutos una idea de cómo se vería la de doHouse Desarrollos Inmobiliarios, sin compromiso. ¿Te sirve?",https://wa.me/5493516845712,pendiente,constructora-cosquin-cordoba.csv
TerraNova.Ventas.Cordoba,SIN_WEB,,03541 67-5919,,"Jaime Dávalos 923, X5166 Cosquín, Córdoba",,,"Hola! Soy Jano Maciel | Clyra Studio de Clyra Studio 👋 Vi a TerraNova.Ventas.Cordoba en Google pero no encontré una web propia. Hoy quien te busca en Cosquín elige a las que aparecen primero con web y obras. Te puedo mostrar en 2 minutos una idea de cómo se vería la de TerraNova.Ventas.Cordoba, sin compromiso. ¿Te sirve?",https://wa.me/5493541675919,pendiente,constructora-cosquin-cordoba.csv
MOVEX,SOLO_REDES,,03541 52-5882,https://www.facebook.com/profile.php?id=61569782556358,"Av. San Martin 601, 5164 Santa María de Punilla, Córdoba",,,"Hola! Soy Jano Maciel | Clyra Studio de Clyra Studio 👋 Vi tu Facebook de MOVEX, se ve el laburo. El tema es que una red social no aparece en Google ni es 100% tuya — una web propia sí, y convierte mejor a quien te busca en Santa María de Punilla. ¿Te muestro cómo quedaría la de MOVEX? Sin compromiso.",https://wa.me/5493541525882,pendiente,constructora-cosquin-cordoba.csv
PROingE servicios y construcciones,SIN_WEB,,0351 466-5868,,"Av. San Martin 1893 centro, santa Maria de Punilla- Còrdoba, X5158 Santa Maria",,,"Hola! Soy Jano Maciel | Clyra Studio de Clyra Studio 👋 Vi a PROingE servicios y construcciones en Google pero no encontré una web propia. Hoy quien te busca en centro elige a las que aparecen primero con web y obras. Te puedo mostrar en 2 minutos una idea de cómo se vería la de PROingE servicios y construcciones, sin compromiso. ¿Te sirve?",https://wa.me/5493514665868,pendiente,constructora-cosquin-cordoba.csv
Molienda de Aridos Cosquín,SOLO_REDES,,03541 45-0271,https://www.facebook.com/Molienda-de-aridos-cosquin-541599833040731/,"Ruta Nacional 38 esq. 3 de Febrero, X5166 Cosquín, Córdoba",,,"Hola! Soy Jano Maciel | Clyra Studio de Clyra Studio 👋 Vi tu Facebook de Molienda de Aridos Cosquín, se ve el laburo. El tema es que una red social no aparece en Google ni es 100% tuya — una web propia sí, y convierte mejor a quien te busca en Cosquín. ¿Te muestro cómo quedaría la de Molienda de Aridos Cosquín? Sin compromiso.",https://wa.me/5493541450271,pendiente,constructora-cosquin-cordoba.csv
Nexus contrucciones,SIN_WEB,,,,"X5166 Cosquín, Córdoba",,,"Hola! Soy Jano Maciel | Clyra Studio de Clyra Studio 👋 Vi a Nexus contrucciones en Google pero no encontré una web propia. Hoy quien te busca en Cosquín elige a las que aparecen primero con web y obras. Te puedo mostrar en 2 minutos una idea de cómo se vería la de Nexus contrucciones, sin compromiso. ¿Te sirve?",,pendiente,constructora-cosquin-cordoba.csv
Serv & Rep,SIN_WEB,,03541 59-0980,,"Av. San Martin 1358, X5166 Cosquín, Córdoba",,,"Hola! Soy Jano Maciel | Clyra Studio de Clyra Studio 👋 Vi a Serv & Rep en Google pero no encontré una web propia. Hoy quien te busca en Cosquín elige a las que aparecen primero con web y obras. Te puedo mostrar en 2 minutos una idea de cómo se vería la de Serv & Rep, sin compromiso. ¿Te sirve?",https://wa.me/5493541590980,pendiente,constructora-cosquin-cordoba.csv
Estudio de Arquitectura Mariel Alvarez Murias,SIN_WEB,,03541 61-5392,,"San Juan 451, X5166 Cosquín, Córdoba",,,"Hola! Soy Jano Maciel | Clyra Studio de Clyra Studio 👋 Vi a Estudio de Arquitectura Mariel Alvarez Murias en Google pero no encontré una web propia. Hoy quien te busca en Cosquín elige a las que aparecen primero con web y obras. Te puedo mostrar en 2 minutos una idea de cómo se vería la de Estudio de Arquitectura Mariel Alvarez Murias, sin compromiso. ¿Te sirve?",https://wa.me/5493541615392,pendiente,constructora-cosquin-cordoba.csv
Charata's place,SIN_WEB,,,,"Pan de Azucar, X5166 Cosquín, Córdoba",,,"Hola! Soy Jano Maciel | Clyra Studio de Clyra Studio 👋 Vi a Charata's place en Google pero no encontré una web propia. Hoy quien te busca en Cosquín elige a las que aparecen primero con web y obras. Te puedo mostrar en 2 minutos una idea de cómo se vería la de Charata's place, sin compromiso. ¿Te sirve?",,pendiente,constructora-cosquin-cordoba.csv
Grupo Family,SIN_WEB,,03541 61-8639,,"Lavalle 2131, X5164 Santa María de Punilla, Córdoba",,,"Hola! Soy Jano Maciel | Clyra Studio de Clyra Studio 👋 Vi a Grupo Family en Google pero no encontré una web propia. Hoy quien te busca en Santa María de Punilla elige a las que aparecen primero con web y obras. Te puedo mostrar en 2 minutos una idea de cómo se vería la de Grupo Family, sin compromiso. ¿Te sirve?",https://wa.me/5493541618639,pendiente,constructora-cosquin-cordoba.csv
Pampa construcciones,SIN_WEB,,03541 33-2149,,"Juan XXIII Nº12, X5158 Bialet Massé, Córdoba",,,"Hola! Soy Jano Maciel | Clyra Studio de Clyra Studio 👋 Vi a Pampa construcciones en Google pero no encontré una web propia. Hoy quien te busca en Bialet Massé elige a las que aparecen primero con web y obras. Te puedo mostrar en 2 minutos una idea de cómo se vería la de Pampa construcciones, sin compromiso. ¿Te sirve?",https://wa.me/5493541332149,pendiente,constructora-cosquin-cordoba.csv
Ace soluciones edilicias,SOLO_REDES,,0351 211-5846,https://www.instagram.com/acesoluciones.23?igsh=cXduYWZ6bW5pd3k3,,,,"Hola! Soy Jano Maciel | Clyra Studio de Clyra Studio 👋 Vi tu Instagram de Ace soluciones edilicias, se ve el laburo. El tema es que una red social no aparece en Google ni es 100% tuya — una web propia sí, y convierte mejor a quien te busca en tu zona. ¿Te muestro cómo quedaría la de Ace soluciones edilicias? Sin compromiso.",https://wa.me/5493512115846,pendiente,constructora-cosquin-cordoba.csv
Nugal Inmobiliaria,SOLO_REDES,,03541 68-5277,https://www.instagram.com/nugal.inmobiliaria/,"Catamarca 782, X5166 Cosquín, Córdoba",,,"Hola! Soy Jano Maciel | Clyra Studio de Clyra Studio 👋 Vi tu Instagram de Nugal Inmobiliaria, se ve el laburo. El tema es que una red social no aparece en Google ni es 100% tuya — una web propia sí, y convierte mejor a quien te busca en Cosquín. ¿Te muestro cómo quedaría la de Nugal Inmobiliaria? Sin compromiso.",https://wa.me/5493541685277,pendiente,constructora-cosquin-cordoba.csv
John Construcciones,SIN_WEB,,011 2790-2762,,"Los Talas, Dique San Roque esquina, X5158 Bialet Massé, Córdoba",,,"Hola! Soy Jano Maciel | Clyra Studio de Clyra Studio 👋 Vi a John Construcciones en Google pero no encontré una web propia. Hoy quien te busca en Bialet Massé elige a las que aparecen primero con web y obras. Te puedo mostrar en 2 minutos una idea de cómo se vería la de John Construcciones, sin compromiso. ¿Te sirve?",https://wa.me/5491127902762,pendiente,constructora-cosquin-cordoba.csv
Construcciones punilla,SOLO_REDES,,0341 590-5090,https://www.instagram.com/tecnocellros?igsh=N2dod2gzaGJjZjJh,"Punilla, Tanti, Córdoba",,,"Hola! Soy Jano Maciel | Clyra Studio de Clyra Studio 👋 Vi tu Instagram de Construcciones punilla, se ve el laburo. El tema es que una red social no aparece en Google ni es 100% tuya — una web propia sí, y convierte mejor a quien te busca en Tanti. ¿Te muestro cómo quedaría la de Construcciones punilla? Sin compromiso.",https://wa.me/5493415905090,pendiente,constructora-cosquin-cordoba.csv
JGR Construcciones,SIN_WEB,,011 3044-6623,,"Taninga 0, X5155 Tanti, Córdoba",,,"Hola! Soy Jano Maciel | Clyra Studio de Clyra Studio 👋 Vi a JGR Construcciones en Google pero no encontré una web propia. Hoy quien te busca en Tanti elige a las que aparecen primero con web y obras. Te puedo mostrar en 2 minutos una idea de cómo se vería la de JGR Construcciones, sin compromiso. ¿Te sirve?",https://wa.me/5491130446623,pendiente,constructora-cosquin-cordoba.csv
Montecons Desarrollistas,WEB_PROPIA,ventas@montecons.com.ar,0351 676-1621,http://www.montecons.com.ar/,"Anacreonte 210, 5000 Córdoba",Una idea para la web de Montecons Desarrollistas,"Hola, ¿cómo estás? Soy Jano Maciel | Clyra Studio, de Clyra Studio.

Entré a la web de Montecons Desarrollistas y se nota que ya invirtieron en presencia. Tengo un par de ideas concretas para que rinda más en consultas (velocidad, claridad de la oferta y captación de leads).

¿Te interesa que te las pase en un mensaje corto, sin compromiso?

Saludos,
Jano Maciel | Clyra Studio
Clyra Studio — Desarrollo web
janomaciel1@gmail.com",,,pendiente,constructora-cosquin-cordoba.csv
URBICOR Construcciones,SIN_WEB,,0351 351-4732,,"Manuel López 2425, X5000 Córdoba",,,"Hola! Soy Jano Maciel | Clyra Studio de Clyra Studio 👋 Vi a URBICOR Construcciones en Google pero no encontré una web propia. Hoy quien te busca en Córdoba elige a las que aparecen primero con web y obras. Te puedo mostrar en 2 minutos una idea de cómo se vería la de URBICOR Construcciones, sin compromiso. ¿Te sirve?",https://wa.me/5493513514732,pendiente,constructora-cosquin-cordoba.csv
TLC Pavimento y Hormigón,WEB_PROPIA,tlcpavimentoyhormigon@gmail.com,0351 573-0001,http://tlc-constructora.com.ar/,"Balcarce 78 Local 4, X5105 Villa Allende, Córdoba",Una idea para la web de TLC Pavimento y Hormigón,"Hola, ¿cómo estás? Soy Jano Maciel | Clyra Studio, de Clyra Studio.

Entré a la web de TLC Pavimento y Hormigón y se nota que ya invirtieron en presencia. Tengo un par de ideas concretas para que rinda más en consultas (velocidad, claridad de la oferta y captación de leads).

¿Te interesa que te las pase en un mensaje corto, sin compromiso?

Saludos,
Jano Maciel | Clyra Studio
Clyra Studio — Desarrollo web
janomaciel1@gmail.com",,,pendiente,constructora-cosquin-cordoba.csv
Constructora MarcSuar | Steel Framing | Construcción en Seco,SIN_WEB,,03541 63-1930,,"Antonio, Vivaldi 827, X5152 Villa Carlos Paz, Córdoba",,,"Hola! Soy Jano Maciel | Clyra Studio de Clyra Studio 👋 Vi a Constructora MarcSuar en Google pero no encontré una web propia. Hoy quien te busca en Villa Carlos Paz elige a las que aparecen primero con web y obras. Te puedo mostrar en 2 minutos una idea de cómo se vería la de Constructora MarcSuar, sin compromiso. ¿Te sirve?",https://wa.me/5493541631930,pendiente,constructora-cosquin-cordoba.csv
Vecta Constructora,WEB_PROPIA,info@vectaconstructora.com,0351 591-5640,https://vectaconstructora.com/,"GAMA S.A., Av. Colón 5050 1 piso Oficina 7, X5000 Córdoba",Una idea para la web de Vecta Constructora,"Hola, ¿cómo estás? Soy Jano Maciel | Clyra Studio, de Clyra Studio.

Entré a la web de Vecta Constructora y se nota que ya invirtieron en presencia. Tengo un par de ideas concretas para que rinda más en consultas (velocidad, claridad de la oferta y captación de leads).

¿Te interesa que te las pase en un mensaje corto, sin compromiso?

Saludos,
Jano Maciel | Clyra Studio
Clyra Studio — Desarrollo web
janomaciel1@gmail.com",,,pendiente,constructora-cosquin-cordoba.csv
Grupo Mac Constructora,WEB_PROPIA,info@grupomacconstructora.com,0351 378-6618,https://www.grupomacconstructora.com/,"Menéndez Pidal 3531 Piso:1 Dpto:C, Menéndez Pidal 3531 Oficina 2º A, X5000 Córdoba",Una idea para la web de Grupo Mac Constructora,"Hola, ¿cómo estás? Soy Jano Maciel | Clyra Studio, de Clyra Studio.

Entré a la web de Grupo Mac Constructora y se nota que ya invirtieron en presencia. Tengo un par de ideas concretas para que rinda más en consultas (velocidad, claridad de la oferta y captación de leads).

¿Te interesa que te las pase en un mensaje corto, sin compromiso?

Saludos,
Jano Maciel | Clyra Studio
Clyra Studio — Desarrollo web
janomaciel1@gmail.com",,,pendiente,constructora-cosquin-cordoba.csv
Grupo Kreos Constructora,WEB_PROPIA,grupokreosconstructora@gmail.com,0351 328-3253,http://www.kreosconstructora.com.ar/,"Adrian Edgardo Douglas 6464, 5000 Córdoba",Una idea para la web de Grupo Kreos Constructora,"Hola, ¿cómo estás? Soy Jano Maciel | Clyra Studio, de Clyra Studio.

Entré a la web de Grupo Kreos Constructora y se nota que ya invirtieron en presencia. Tengo un par de ideas concretas para que rinda más en consultas (velocidad, claridad de la oferta y captación de leads).

¿Te interesa que te las pase en un mensaje corto, sin compromiso?

Saludos,
Jano Maciel | Clyra Studio
Clyra Studio — Desarrollo web
janomaciel1@gmail.com",,,pendiente,constructora-cosquin-cordoba.csv
RBL CONSTRUCTORA S.A.S,SIN_WEB,,03543 69-4904,,"Av Sarmiento N° 1850 RUTA E - 53 Entre San Juan, San Luis y, X5113 Salsipuedes, Córdoba",,,"Hola! Soy Jano Maciel | Clyra Studio de Clyra Studio 👋 Vi a RBL CONSTRUCTORA S.A.S en Google pero no encontré una web propia. Hoy quien te busca en RUTA E - 53 Entre San Juan elige a las que aparecen primero con web y obras. Te puedo mostrar en 2 minutos una idea de cómo se vería la de RBL CONSTRUCTORA S.A.S, sin compromiso. ¿Te sirve?",https://wa.me/5493543694904,pendiente,constructora-cosquin-cordoba.csv
Tecons S.A. I Empresa Constructora,WEB_PROPIA,,0351 583-3265,http://www.tecons.com.ar/,"Los Talas, Los Jacintos esquina, La Calera, Córdoba",Una idea para la web de Tecons S.A. I Empresa Constructora,"Hola, ¿cómo estás? Soy Jano Maciel | Clyra Studio, de Clyra Studio.

Entré a la web de Tecons S.A. I Empresa Constructora y se nota que ya invirtieron en presencia. Tengo un par de ideas concretas para que rinda más en consultas (velocidad, claridad de la oferta y captación de leads).

¿Te interesa que te las pase en un mensaje corto, sin compromiso?

Saludos,
Jano Maciel | Clyra Studio
Clyra Studio — Desarrollo web
janomaciel1@gmail.com",,,pendiente,constructora-cosquin-cordoba.csv
Inovarte Construcciones.,WEB_PROPIA,,0351 632-7905,https://inovarteconstrucciones.com.ar/,"Ituzaingó 270, X5000 Córdoba",Una idea para la web de Inovarte Construcciones.,"Hola, ¿cómo estás? Soy Jano Maciel | Clyra Studio, de Clyra Studio.

Entré a la web de Inovarte Construcciones. y se nota que ya invirtieron en presencia. Tengo un par de ideas concretas para que rinda más en consultas (velocidad, claridad de la oferta y captación de leads).

¿Te interesa que te las pase en un mensaje corto, sin compromiso?

Saludos,
Jano Maciel | Clyra Studio
Clyra Studio — Desarrollo web
janomaciel1@gmail.com",,,pendiente,constructora-cosquin-cordoba.csv
Abregu Constructora,WEB_PROPIA,ventas@abreguconstructora.com.ar,03541 51-4811,http://abreguconstructora.com.ar/,"Av. Cárcano 192 Av. Cárcano, Av. Estrada esq, X5152 Villa Carlos Paz, Córdoba",Una idea para la web de Abregu Constructora,"Hola, ¿cómo estás? Soy Jano Maciel | Clyra Studio, de Clyra Studio.

Entré a la web de Abregu Constructora y se nota que ya invirtieron en presencia. Tengo un par de ideas concretas para que rinda más en consultas (velocidad, claridad de la oferta y captación de leads).

¿Te interesa que te las pase en un mensaje corto, sin compromiso?

Saludos,
Jano Maciel | Clyra Studio
Clyra Studio — Desarrollo web
janomaciel1@gmail.com",,,pendiente,constructora-cosquin-cordoba.csv
CCA CONSTRUCCIONES SAN PATRICIO,SIN_WEB,,03543 69-4525,,"9 de Julio 769, X5113 Salsipuedes, Córdoba",,,"Hola! Soy Jano Maciel | Clyra Studio de Clyra Studio 👋 Vi a CCA CONSTRUCCIONES SAN PATRICIO en Google pero no encontré una web propia. Hoy quien te busca en Salsipuedes elige a las que aparecen primero con web y obras. Te puedo mostrar en 2 minutos una idea de cómo se vería la de CCA CONSTRUCCIONES SAN PATRICIO, sin compromiso. ¿Te sirve?",https://wa.me/5493543694525,pendiente,constructora-cosquin-cordoba.csv
FM Constructora,WEB_PROPIA,,03541 64-9802,https://fmconstructora.com.ar/,,Una idea para la web de FM Constructora,"Hola, ¿cómo estás? Soy Jano Maciel | Clyra Studio, de Clyra Studio.

Entré a la web de FM Constructora y se nota que ya invirtieron en presencia. Tengo un par de ideas concretas para que rinda más en consultas (velocidad, claridad de la oferta y captación de leads).

¿Te interesa que te las pase en un mensaje corto, sin compromiso?

Saludos,
Jano Maciel | Clyra Studio
Clyra Studio — Desarrollo web
janomaciel1@gmail.com",,,pendiente,constructora-cosquin-cordoba.csv
Aclade S.R.L. – Empresa Constructora,WEB_PROPIA,aclade@acladesrl.com.ar,0351 498-6168,http://www.acladesrl.com.ar/,"Colectora Ruta 20 km 18 1/2, Barrio La Perla, Malagueño, Córdoba",Una idea para la web de Aclade S.R.L. – Empresa Constructora,"Hola, ¿cómo estás? Soy Jano Maciel | Clyra Studio, de Clyra Studio.

Entré a la web de Aclade S.R.L. – Empresa Constructora y se nota que ya invirtieron en presencia. Tengo un par de ideas concretas para que rinda más en consultas (velocidad, claridad de la oferta y captación de leads).

¿Te interesa que te las pase en un mensaje corto, sin compromiso?

Saludos,
Jano Maciel | Clyra Studio
Clyra Studio — Desarrollo web
janomaciel1@gmail.com",,,pendiente,constructora-cosquin-cordoba.csv
Quattro Pilares SRL,WEB_PROPIA,,0351 683-2860,http://www.quattropilares.com/,"Pje. Costa Rica 1135, X5152 Villa Carlos Paz, Córdoba",Una idea para la web de Quattro Pilares SRL,"Hola, ¿cómo estás? Soy Jano Maciel | Clyra Studio, de Clyra Studio.

Entré a la web de Quattro Pilares SRL y se nota que ya invirtieron en presencia. Tengo un par de ideas concretas para que rinda más en consultas (velocidad, claridad de la oferta y captación de leads).

¿Te interesa que te las pase en un mensaje corto, sin compromiso?

Saludos,
Jano Maciel | Clyra Studio
Clyra Studio — Desarrollo web
janomaciel1@gmail.com",,,pendiente,constructora-cosquin-cordoba.csv
Empresa Constructora en Córdoba,WEB_PROPIA,empresadeconstruccioncordoba@gmail.com,0351 15-759-4473,https://empresaconstructoracordoba.com/,"Wenceslao Paunero 2555 Oficina 1, X5000 Córdoba",Una idea para la web de Empresa Constructora en Córdoba,"Hola, ¿cómo estás? Soy Jano Maciel | Clyra Studio, de Clyra Studio.

Entré a la web de Empresa Constructora en Córdoba y se nota que ya invirtieron en presencia. Tengo un par de ideas concretas para que rinda más en consultas (velocidad, claridad de la oferta y captación de leads).

¿Te interesa que te las pase en un mensaje corto, sin compromiso?

Saludos,
Jano Maciel | Clyra Studio
Clyra Studio — Desarrollo web
janomaciel1@gmail.com",,,pendiente,constructora-cosquin-cordoba.csv
RODE | Empresa Constructora y Desarrollos inmobiliarios,WEB_PROPIA,ventas@rode.com.ar,0351 589-7633,https://rode.com.ar/,"Av. La Voz del Interior 8821, X5008 Córdoba",Una idea para la web de RODE,"Hola, ¿cómo estás? Soy Jano Maciel | Clyra Studio, de Clyra Studio.

Entré a la web de RODE y se nota que ya invirtieron en presencia. Tengo un par de ideas concretas para que rinda más en consultas (velocidad, claridad de la oferta y captación de leads).

¿Te interesa que te las pase en un mensaje corto, sin compromiso?

Saludos,
Jano Maciel | Clyra Studio
Clyra Studio — Desarrollo web
janomaciel1@gmail.com",,,pendiente,constructora-cosquin-cordoba.csv
Cerco Blanco Constructora,WEB_PROPIA,,0351 865-1642,https://www.cercoblancoconstructora.com.ar/,"Francisco Pasquini 1000 (Variante Colectora Juárez Celman, X5019 Córdoba",Una idea para la web de Cerco Blanco Constructora,"Hola, ¿cómo estás? Soy Jano Maciel | Clyra Studio, de Clyra Studio.

Entré a la web de Cerco Blanco Constructora y se nota que ya invirtieron en presencia. Tengo un par de ideas concretas para que rinda más en consultas (velocidad, claridad de la oferta y captación de leads).

¿Te interesa que te las pase en un mensaje corto, sin compromiso?

Saludos,
Jano Maciel | Clyra Studio
Clyra Studio — Desarrollo web
janomaciel1@gmail.com",,,pendiente,constructora-cosquin-cordoba.csv
Constructora Carranza,SOLO_REDES,,0351 698-7307,https://linktr.ee/constructoracarranza,"Eugenio Pizzolatto 6750, X5147 Córdoba",,,"Hola! Soy Jano Maciel | Clyra Studio de Clyra Studio 👋 Vi tus redes de Constructora Carranza, se ve el laburo. El tema es que una red social no aparece en Google ni es 100% tuya — una web propia sí, y convierte mejor a quien te busca en Córdoba. ¿Te muestro cómo quedaría la de Constructora Carranza? Sin compromiso.",https://wa.me/5493516987307,pendiente,constructora-cosquin-cordoba.csv
Casco Blanco Constructora,SIN_WEB,,0351 300-6426,,Córdoba,,,"Hola! Soy Jano Maciel | Clyra Studio de Clyra Studio 👋 Vi a Casco Blanco Constructora en Google pero no encontré una web propia. Hoy quien te busca en Córdoba elige a las que aparecen primero con web y obras. Te puedo mostrar en 2 minutos una idea de cómo se vería la de Casco Blanco Constructora, sin compromiso. ¿Te sirve?",https://wa.me/5493513006426,pendiente,constructora-cosquin-cordoba.csv
Eleven - Constructora Desarrollista,WEB_PROPIA,info@elevendesarrollos.com.ar,0351 209-8374,https://www.elevendesarrollos.com.ar/,"Jacobo Joule 5353 OF: 210/211, X5000 Córdoba",Una idea para la web de Eleven,"Hola, ¿cómo estás? Soy Jano Maciel | Clyra Studio, de Clyra Studio.

Entré a la web de Eleven y se nota que ya invirtieron en presencia. Tengo un par de ideas concretas para que rinda más en consultas (velocidad, claridad de la oferta y captación de leads).

¿Te interesa que te las pase en un mensaje corto, sin compromiso?

Saludos,
Jano Maciel | Clyra Studio
Clyra Studio — Desarrollo web
janomaciel1@gmail.com",,,pendiente,constructora-cosquin-cordoba.csv
Casa Vida Constructora,WEB_PROPIA,,0351 528-4515,http://www.casavida.com.ar/,"9 de Julio 151, X5000 Córdoba",Una idea para la web de Casa Vida Constructora,"Hola, ¿cómo estás? Soy Jano Maciel | Clyra Studio, de Clyra Studio.

Entré a la web de Casa Vida Constructora y se nota que ya invirtieron en presencia. Tengo un par de ideas concretas para que rinda más en consultas (velocidad, claridad de la oferta y captación de leads).

¿Te interesa que te las pase en un mensaje corto, sin compromiso?

Saludos,
Jano Maciel | Clyra Studio
Clyra Studio — Desarrollo web
janomaciel1@gmail.com",,,pendiente,constructora-cosquin-cordoba.csv
Daniel Quevedo Construcciones,SOLO_REDES,,03541 55-5418,http://www.facebook.com/danielbernardo.quevedo,"George, Sand 43, X5152 Villa Carlos Paz, Córdoba",,,"Hola! Soy Jano Maciel | Clyra Studio de Clyra Studio 👋 Vi tu Facebook de Daniel Quevedo Construcciones, se ve el laburo. El tema es que una red social no aparece en Google ni es 100% tuya — una web propia sí, y convierte mejor a quien te busca en Villa Carlos Paz. ¿Te muestro cómo quedaría la de Daniel Quevedo Construcciones? Sin compromiso.",https://wa.me/5493541555418,pendiente,constructora-cosquin-cordoba.csv
Construcciones Argentina,SIN_WEB,,0351 589-0366,,"Av. Italia esquina Ruta 20 km 18, La Perla, X5101 Malagueño, Córdoba",,,"Hola! Soy Jano Maciel | Clyra Studio de Clyra Studio 👋 Vi a Construcciones Argentina en Google pero no encontré una web propia. Hoy quien te busca en Malagueño elige a las que aparecen primero con web y obras. Te puedo mostrar en 2 minutos una idea de cómo se vería la de Construcciones Argentina, sin compromiso. ¿Te sirve?",https://wa.me/5493515890366,pendiente,constructora-cosquin-cordoba.csv
Oscar H Martinez Construcciones,SOLO_REDES,,03541 42-4061,https://www.facebook.com/Oscar-H-Martinez-Construcciones-121147564598376/,"Belgrano 163, X5152 Villa Carlos Paz, Córdoba",,,"Hola! Soy Jano Maciel | Clyra Studio de Clyra Studio 👋 Vi tu Facebook de Oscar H Martinez Construcciones, se ve el laburo. El tema es que una red social no aparece en Google ni es 100% tuya — una web propia sí, y convierte mejor a quien te busca en Villa Carlos Paz. ¿Te muestro cómo quedaría la de Oscar H Martinez Construcciones? Sin compromiso.",https://wa.me/5493541424061,pendiente,constructora-cosquin-cordoba.csv
Lucas Sanchez Constructora - Propiedades en Venta,WEB_PROPIA,,03541 52-6608,https://lucassanchezconstructora.com.ar/,"Av. los Olmos 232, X5152 Villa Santa Cruz del Lago, Córdoba",Una idea para la web de Lucas Sanchez Constructora,"Hola, ¿cómo estás? Soy Jano Maciel | Clyra Studio, de Clyra Studio.

Entré a la web de Lucas Sanchez Constructora y se nota que ya invirtieron en presencia. Tengo un par de ideas concretas para que rinda más en consultas (velocidad, claridad de la oferta y captación de leads).

¿Te interesa que te las pase en un mensaje corto, sin compromiso?

Saludos,
Jano Maciel | Clyra Studio
Clyra Studio — Desarrollo web
janomaciel1@gmail.com",,,pendiente,constructora-cosquin-cordoba.csv
Moschella Construcciones,SIN_WEB,,03541 54-2317,,"Carlos Pellegrini 313, X5152 Villa Carlos Paz, Córdoba",,,"Hola! Soy Jano Maciel | Clyra Studio de Clyra Studio 👋 Vi a Moschella Construcciones en Google pero no encontré una web propia. Hoy quien te busca en Villa Carlos Paz elige a las que aparecen primero con web y obras. Te puedo mostrar en 2 minutos una idea de cómo se vería la de Moschella Construcciones, sin compromiso. ¿Te sirve?",https://wa.me/5493541542317,pendiente,constructora-cosquin-cordoba.csv
Busleiman Herrería y Construcción,WEB_PROPIA,info@estructurasbusleiman.com.ar,0351 786-6508,https://estructurasbusleiman.com.ar/,"De las Fabricas Mzna B, Lote 2A, X5014 Córdoba",Una idea para la web de Busleiman Herrería y Construcción,"Hola, ¿cómo estás? Soy Jano Maciel | Clyra Studio, de Clyra Studio.

Entré a la web de Busleiman Herrería y Construcción y se nota que ya invirtieron en presencia. Tengo un par de ideas concretas para que rinda más en consultas (velocidad, claridad de la oferta y captación de leads).

¿Te interesa que te las pase en un mensaje corto, sin compromiso?

Saludos,
Jano Maciel | Clyra Studio
Clyra Studio — Desarrollo web
janomaciel1@gmail.com",,,pendiente,constructora-cosquin-cordoba.csv
AUE Constructora,WEB_PROPIA,,03541 67-4554,https://www.aueconstructora.com.ar/,"Los Girasoles, Los Alamos y, X5152 Villa Santa Cruz del Lago, Córdoba",Una idea para la web de AUE Constructora,"Hola, ¿cómo estás? Soy Jano Maciel | Clyra Studio, de Clyra Studio.

Entré a la web de AUE Constructora y se nota que ya invirtieron en presencia. Tengo un par de ideas concretas para que rinda más en consultas (velocidad, claridad de la oferta y captación de leads).

¿Te interesa que te las pase en un mensaje corto, sin compromiso?

Saludos,
Jano Maciel | Clyra Studio
Clyra Studio — Desarrollo web
janomaciel1@gmail.com",,,pendiente,constructora-cosquin-cordoba.csv
Ingenieria & Diseño Socbe S.A. Empresa constructora,SIN_WEB,,0351 481-8892,,"Gdor. Roque Ferreyra 1986, X5009 Córdoba",,,"Hola! Soy Jano Maciel | Clyra Studio de Clyra Studio 👋 Vi a Ingenieria & Diseño Socbe S.A. Empresa constructora en Google pero no encontré una web propia. Hoy quien te busca en Córdoba elige a las que aparecen primero con web y obras. Te puedo mostrar en 2 minutos una idea de cómo se vería la de Ingenieria & Diseño Socbe S.A. Empresa constructora, sin compromiso. ¿Te sirve?",https://wa.me/5493514818892,pendiente,constructora-cosquin-cordoba.csv
Piscinas PSI - Empresa Constructora - Zona influencia Mendiolaza (No local comercial),WEB_PROPIA,psi-cordoba@outlook.com,0351 15-243-1220,http://www.piscinaspsi.com/,"Córdoba AR, Av. Martín Tissera 1500, X5001 Mendiolaza, Córdoba",Una idea para la web de Piscinas PSI,"Hola, ¿cómo estás? Soy Jano Maciel | Clyra Studio, de Clyra Studio.

Entré a la web de Piscinas PSI y se nota que ya invirtieron en presencia. Tengo un par de ideas concretas para que rinda más en consultas (velocidad, claridad de la oferta y captación de leads).

¿Te interesa que te las pase en un mensaje corto, sin compromiso?

Saludos,
Jano Maciel | Clyra Studio
Clyra Studio — Desarrollo web
janomaciel1@gmail.com",,,pendiente,constructora-cosquin-cordoba.csv
CT&A Constructora,WEB_PROPIA,ctyaconstructoracomercial@gmail.com,0351 814-4543,https://www.ctyaconstructora.com.ar/,"POLO 52, X5000 Córdoba",Una idea para la web de CT&A Constructora,"Hola, ¿cómo estás? Soy Jano Maciel | Clyra Studio, de Clyra Studio.

Entré a la web de CT&A Constructora y se nota que ya invirtieron en presencia. Tengo un par de ideas concretas para que rinda más en consultas (velocidad, claridad de la oferta y captación de leads).

¿Te interesa que te las pase en un mensaje corto, sin compromiso?

Saludos,
Jano Maciel | Clyra Studio
Clyra Studio — Desarrollo web
janomaciel1@gmail.com",,,pendiente,constructora-cosquin-cordoba.csv
Martinez Lumello Construcciones S.A.,WEB_PROPIA,,0351 455-2121,http://www.martinezlumello.com/,"Agustín Garzón 1906, X5000AZB Córdoba",Una idea para la web de Martinez Lumello Construcciones S.A.,"Hola, ¿cómo estás? Soy Jano Maciel | Clyra Studio, de Clyra Studio.

Entré a la web de Martinez Lumello Construcciones S.A. y se nota que ya invirtieron en presencia. Tengo un par de ideas concretas para que rinda más en consultas (velocidad, claridad de la oferta y captación de leads).

¿Te interesa que te las pase en un mensaje corto, sin compromiso?

Saludos,
Jano Maciel | Clyra Studio
Clyra Studio — Desarrollo web
janomaciel1@gmail.com",,,pendiente,constructora-cosquin-cordoba.csv
Nexa Constructora Desarrollista,WEB_PROPIA,,,https://nexaconstructora.com.ar/,"Pje. San Ignacio 104, X5000 Córdoba",Una idea para la web de Nexa Constructora Desarrollista,"Hola, ¿cómo estás? Soy Jano Maciel | Clyra Studio, de Clyra Studio.

Entré a la web de Nexa Constructora Desarrollista y se nota que ya invirtieron en presencia. Tengo un par de ideas concretas para que rinda más en consultas (velocidad, claridad de la oferta y captación de leads).

¿Te interesa que te las pase en un mensaje corto, sin compromiso?

Saludos,
Jano Maciel | Clyra Studio
Clyra Studio — Desarrollo web
janomaciel1@gmail.com",,,pendiente,constructora-cosquin-cordoba.csv
CONSTRUCCIONES GARCÍA S.R.L.,SIN_WEB,,0351 490-2099,,"Ing Hugo Druetta 62, X5101 Col. Tirolesa, Córdoba",,,"Hola! Soy Jano Maciel | Clyra Studio de Clyra Studio 👋 Vi a CONSTRUCCIONES GARCÍA S.R.L. en Google pero no encontré una web propia. Hoy quien te busca en Col. Tirolesa elige a las que aparecen primero con web y obras. Te puedo mostrar en 2 minutos una idea de cómo se vería la de CONSTRUCCIONES GARCÍA S.R.L., sin compromiso. ¿Te sirve?",https://wa.me/5493514902099,pendiente,constructora-cosquin-cordoba.csv
Coemsa Constructora Steel Framing,WEB_PROPIA,info@coemsa.com.ar,0351 506-2580,http://www.coemsa.com.ar/,"Gabriel Miró 4313, X5019 Córdoba",Una idea para la web de Coemsa Constructora Steel Framing,"Hola, ¿cómo estás? Soy Jano Maciel | Clyra Studio, de Clyra Studio.

Entré a la web de Coemsa Constructora Steel Framing y se nota que ya invirtieron en presencia. Tengo un par de ideas concretas para que rinda más en consultas (velocidad, claridad de la oferta y captación de leads).

¿Te interesa que te las pase en un mensaje corto, sin compromiso?

Saludos,
Jano Maciel | Clyra Studio
Clyra Studio — Desarrollo web
janomaciel1@gmail.com",,,pendiente,constructora-cosquin-cordoba.csv
Constructora La Casa Mía,WEB_PROPIA,info@lacasamia.com.ar,0351 321-8687,http://www.lacasamia.com.ar/,"Pje. Usandivaras 259, X5004AEO X5004AEO, Córdoba",Una idea para la web de Constructora La Casa Mía,"Hola, ¿cómo estás? Soy Jano Maciel | Clyra Studio, de Clyra Studio.

Entré a la web de Constructora La Casa Mía y se nota que ya invirtieron en presencia. Tengo un par de ideas concretas para que rinda más en consultas (velocidad, claridad de la oferta y captación de leads).

¿Te interesa que te las pase en un mensaje corto, sin compromiso?

Saludos,
Jano Maciel | Clyra Studio
Clyra Studio — Desarrollo web
janomaciel1@gmail.com",,,pendiente,constructora-cosquin-cordoba.csv
Constructora Lw,SIN_WEB,,0351 15-386-9313,,"Luis Colombo, X5101 Villa San Nicolas, Córdoba",,,"Hola! Soy Jano Maciel | Clyra Studio de Clyra Studio 👋 Vi a Constructora Lw en Google pero no encontré una web propia. Hoy quien te busca en Villa San Nicolas elige a las que aparecen primero con web y obras. Te puedo mostrar en 2 minutos una idea de cómo se vería la de Constructora Lw, sin compromiso. ¿Te sirve?",https://wa.me/5493513869313,pendiente,constructora-cosquin-cordoba.csv
Binder Constructora,WEB_PROPIA,,0351 481-0247,http://binder.com.ar/index.php/contacto/,"Av. Fernando Fader 4281 1º, X5000 Córdoba",Una idea para la web de Binder Constructora,"Hola, ¿cómo estás? Soy Jano Maciel | Clyra Studio, de Clyra Studio.

Entré a la web de Binder Constructora y se nota que ya invirtieron en presencia. Tengo un par de ideas concretas para que rinda más en consultas (velocidad, claridad de la oferta y captación de leads).

¿Te interesa que te las pase en un mensaje corto, sin compromiso?

Saludos,
Jano Maciel | Clyra Studio
Clyra Studio — Desarrollo web
janomaciel1@gmail.com",,,pendiente,constructora-cosquin-cordoba.csv
M100 Emprendimientos Inmobiliarios,WEB_PROPIA,xuumtoken@m100emprendimientos.com.ar,02254 15-44-4114,https://m100emprendimientos.com.ar/,"De las Nayades 1953, B7167 Pinamar, Provincia de Buenos Aires",Una idea para la web de M100 Emprendimientos Inmobiliarios,"Hola, ¿cómo estás? Soy Jano Maciel | Clyra Studio, de Clyra Studio.

Entré a la web de M100 Emprendimientos Inmobiliarios y se nota que ya invirtieron en presencia. Tengo un par de ideas concretas para que rinda más en consultas (velocidad, claridad de la oferta y captación de leads).

¿Te interesa que te las pase en un mensaje corto, sin compromiso?

Saludos,
Jano Maciel | Clyra Studio
Clyra Studio — Desarrollo web
janomaciel1@gmail.com",,,pendiente,constructora-cosquin-cordoba.csv
Edifica Constructora/Inmobiliaria,WEB_PROPIA,luisaamaya@edificaconstructorainmobiliaria.com,0351 335-5494,https://edificaconstructorainmobiliaria.com/,"Gdor. Jose Esteban Bustos 1182, X5000 Córdoba",Una idea para la web de Edifica Constructora/Inmobiliaria,"Hola, ¿cómo estás? Soy Jano Maciel | Clyra Studio, de Clyra Studio.

Entré a la web de Edifica Constructora/Inmobiliaria y se nota que ya invirtieron en presencia. Tengo un par de ideas concretas para que rinda más en consultas (velocidad, claridad de la oferta y captación de leads).

¿Te interesa que te las pase en un mensaje corto, sin compromiso?

Saludos,
Jano Maciel | Clyra Studio
Clyra Studio — Desarrollo web
janomaciel1@gmail.com",,,pendiente,constructora-cosquin-cordoba.csv
"BM& Asociados, Arquitectura y Maestros Mayores de Obras",SOLO_REDES,,03472 43-6486,https://instagram.com/maciel_brian_m.m.o?igshid=MzRlODBiNWFlZA==,"Torricelli 99, X5152 Villa Carlos Paz, Córdoba",,,"Hola! Soy Jano Maciel | Clyra Studio de Clyra Studio 👋 Vi tu Instagram de BM& Asociados, Arquitectura y Maestros Mayores de Obras, se ve el laburo. El tema es que una red social no aparece en Google ni es 100% tuya — una web propia sí, y convierte mejor a quien te busca en Villa Carlos Paz. ¿Te muestro cómo quedaría la de BM& Asociados, Arquitectura y Maestros Mayores de Obras? Sin compromiso.",https://wa.me/5493472436486,pendiente,constructora-cosquin-cordoba.csv
GUT Constructora Inmobiliaria,WEB_PROPIA,info@gutconstructora.com.ar,0351 802-6970,https://gutconstructora.com.ar/,"Av. Rafael Núñez 4684, X5009CGN Córdoba",Una idea para la web de GUT Constructora Inmobiliaria,"Hola, ¿cómo estás? Soy Jano Maciel | Clyra Studio, de Clyra Studio.

Entré a la web de GUT Constructora Inmobiliaria y se nota que ya invirtieron en presencia. Tengo un par de ideas concretas para que rinda más en consultas (velocidad, claridad de la oferta y captación de leads).

¿Te interesa que te las pase en un mensaje corto, sin compromiso?

Saludos,
Jano Maciel | Clyra Studio
Clyra Studio — Desarrollo web
janomaciel1@gmail.com",,,pendiente,constructora-cosquin-cordoba.csv
Constructora Sure,SIN_WEB,,,,"Agustín Paolucci, Córdoba",,,"Hola! Soy Jano Maciel | Clyra Studio de Clyra Studio 👋 Vi a Constructora Sure en Google pero no encontré una web propia. Hoy quien te busca en Agustín Paolucci elige a las que aparecen primero con web y obras. Te puedo mostrar en 2 minutos una idea de cómo se vería la de Constructora Sure, sin compromiso. ¿Te sirve?",,pendiente,constructora-cosquin-cordoba.csv
Fit Constructora,WEB_PROPIA,info@fitconstructora.com.ar,0351 15-809-8390,http://fitconstructora.com.ar/,"Av. Rafael Núñez 4684, X5009CGN Córdoba",Una idea para la web de Fit Constructora,"Hola, ¿cómo estás? Soy Jano Maciel | Clyra Studio, de Clyra Studio.

Entré a la web de Fit Constructora y se nota que ya invirtieron en presencia. Tengo un par de ideas concretas para que rinda más en consultas (velocidad, claridad de la oferta y captación de leads).

¿Te interesa que te las pase en un mensaje corto, sin compromiso?

Saludos,
Jano Maciel | Clyra Studio
Clyra Studio — Desarrollo web
janomaciel1@gmail.com",,,pendiente,constructora-cosquin-cordoba.csv
Item Construcciones Sa,WEB_PROPIA,itemsa@itemsa.com.ar,0351 480-4844,http://www.item.com.ar/,"Dr. Pedro Chutro 952, X5004 Córdoba",Una idea para la web de Item Construcciones Sa,"Hola, ¿cómo estás? Soy Jano Maciel | Clyra Studio, de Clyra Studio.

Entré a la web de Item Construcciones Sa y se nota que ya invirtieron en presencia. Tengo un par de ideas concretas para que rinda más en consultas (velocidad, claridad de la oferta y captación de leads).

¿Te interesa que te las pase en un mensaje corto, sin compromiso?

Saludos,
Jano Maciel | Clyra Studio
Clyra Studio — Desarrollo web
janomaciel1@gmail.com",,,pendiente,constructora-cosquin-cordoba.csv
CONSTANTINO V - CONSTRUCTORA OLMEDO E HIJOS,WEB_PROPIA,,0351 310-6704,https://nexolmedo2.mitiendanube.com/,"Av. Uruguay 454, X5152 Villa Carlos Paz, Córdoba",Una idea para la web de CONSTANTINO V,"Hola, ¿cómo estás? Soy Jano Maciel | Clyra Studio, de Clyra Studio.

Entré a la web de CONSTANTINO V y se nota que ya invirtieron en presencia. Tengo un par de ideas concretas para que rinda más en consultas (velocidad, claridad de la oferta y captación de leads).

¿Te interesa que te las pase en un mensaje corto, sin compromiso?

Saludos,
Jano Maciel | Clyra Studio
Clyra Studio — Desarrollo web
janomaciel1@gmail.com",,,pendiente,constructora-cosquin-cordoba.csv
GreenLife Constructora SAS,WEB_PROPIA,,03547 45-2579,https://greenlifeconstructora.com/,"Av. Colón 4701, X5000 Córdoba",Una idea para la web de GreenLife Constructora SAS,"Hola, ¿cómo estás? Soy Jano Maciel | Clyra Studio, de Clyra Studio.

Entré a la web de GreenLife Constructora SAS y se nota que ya invirtieron en presencia. Tengo un par de ideas concretas para que rinda más en consultas (velocidad, claridad de la oferta y captación de leads).

¿Te interesa que te las pase en un mensaje corto, sin compromiso?

Saludos,
Jano Maciel | Clyra Studio
Clyra Studio — Desarrollo web
janomaciel1@gmail.com",,,pendiente,constructora-cosquin-cordoba.csv
Smarts Homes Constructora,WEB_PROPIA,,0351 676-7676,http://www.smartshomes.com.ar/,"Méjico 1539, X5000 Córdoba",Una idea para la web de Smarts Homes Constructora,"Hola, ¿cómo estás? Soy Jano Maciel | Clyra Studio, de Clyra Studio.

Entré a la web de Smarts Homes Constructora y se nota que ya invirtieron en presencia. Tengo un par de ideas concretas para que rinda más en consultas (velocidad, claridad de la oferta y captación de leads).

¿Te interesa que te las pase en un mensaje corto, sin compromiso?

Saludos,
Jano Maciel | Clyra Studio
Clyra Studio — Desarrollo web
janomaciel1@gmail.com",,,pendiente,constructora-cosquin-cordoba.csv
Alfa - Constructora,SIN_WEB,,03548 59-5626,,"Bv La Ca ada 500, Villa Giardino, CORDOBA",,,"Hola! Soy Jano Maciel | Clyra Studio de Clyra Studio 👋 Vi a Alfa en Google pero no encontré una web propia. Hoy quien te busca en Villa Giardino elige a las que aparecen primero con web y obras. Te puedo mostrar en 2 minutos una idea de cómo se vería la de Alfa, sin compromiso. ¿Te sirve?",https://wa.me/5493548595626,pendiente,constructora-cosquin-cordoba.csv
Grupo Crear Constructora,SOLO_REDES,,03543 64-1483,https://www.instagram.com/grupocrear.constructora?igsh=MWczaWwyNjFyeWk4Mw==,"Publica S/N, X5115 La Granja, Córdoba",,,"Hola! Soy Jano Maciel | Clyra Studio de Clyra Studio 👋 Vi tu Instagram de Grupo Crear Constructora, se ve el laburo. El tema es que una red social no aparece en Google ni es 100% tuya — una web propia sí, y convierte mejor a quien te busca en La Granja. ¿Te muestro cómo quedaría la de Grupo Crear Constructora? Sin compromiso.",https://wa.me/5493543641483,pendiente,constructora-cosquin-cordoba.csv
VC Inmobiliaria - Constructora & Consultora,WEB_PROPIA,info@inmobiliariavc.com.ar,03541 21-0971,https://inmobiliariavc.com.ar/,"Paseo Quatro, José Hernández 110 Local 2, X5152 Villa Carlos Paz, Córdoba",Una idea para la web de VC Inmobiliaria,"Hola, ¿cómo estás? Soy Jano Maciel | Clyra Studio, de Clyra Studio.

Entré a la web de VC Inmobiliaria y se nota que ya invirtieron en presencia. Tengo un par de ideas concretas para que rinda más en consultas (velocidad, claridad de la oferta y captación de leads).

¿Te interesa que te las pase en un mensaje corto, sin compromiso?

Saludos,
Jano Maciel | Clyra Studio
Clyra Studio — Desarrollo web
janomaciel1@gmail.com",,,pendiente,constructora-cosquin-cordoba.csv
Empresa Constructora Base SRL,WEB_PROPIA,info@empresaconstructorabase.com,0351 464-4462,https://www.empresaconstructorabase.com/,"De la Industria 797, X5000AYA Córdoba",Una idea para la web de Empresa Constructora Base SRL,"Hola, ¿cómo estás? Soy Jano Maciel | Clyra Studio, de Clyra Studio.

Entré a la web de Empresa Constructora Base SRL y se nota que ya invirtieron en presencia. Tengo un par de ideas concretas para que rinda más en consultas (velocidad, claridad de la oferta y captación de leads).

¿Te interesa que te las pase en un mensaje corto, sin compromiso?

Saludos,
Jano Maciel | Clyra Studio
Clyra Studio — Desarrollo web
janomaciel1@gmail.com",,,pendiente,constructora-cosquin-cordoba.csv
Del Puerto Constructora,SIN_WEB,,0351 753-9279,,"Copina 1336 Oficina 4, X5014 EKB, Córdoba",,,"Hola! Soy Jano Maciel | Clyra Studio de Clyra Studio 👋 Vi a Del Puerto Constructora en Google pero no encontré una web propia. Hoy quien te busca en Oficina 4 elige a las que aparecen primero con web y obras. Te puedo mostrar en 2 minutos una idea de cómo se vería la de Del Puerto Constructora, sin compromiso. ¿Te sirve?",https://wa.me/5493517539279,pendiente,constructora-cosquin-cordoba.csv
Bilt constructora,SIN_WEB,,0351 331-7014,,"Tristán Malbrán 4246 oficina 2, X5009 Córdoba",,,"Hola! Soy Jano Maciel | Clyra Studio de Clyra Studio 👋 Vi a Bilt constructora en Google pero no encontré una web propia. Hoy quien te busca en oficina 2 elige a las que aparecen primero con web y obras. Te puedo mostrar en 2 minutos una idea de cómo se vería la de Bilt constructora, sin compromiso. ¿Te sirve?",https://wa.me/5493513317014,pendiente,constructora-cosquin-cordoba.csv
Meta Steel constructora desarrollista,SIN_WEB,,0351 201-1707,,"Ituzaingó 270, X5006 Córdoba",,,"Hola! Soy Jano Maciel | Clyra Studio de Clyra Studio 👋 Vi a Meta Steel constructora desarrollista en Google pero no encontré una web propia. Hoy quien te busca en Córdoba elige a las que aparecen primero con web y obras. Te puedo mostrar en 2 minutos una idea de cómo se vería la de Meta Steel constructora desarrollista, sin compromiso. ¿Te sirve?",https://wa.me/5493512011707,pendiente,constructora-cosquin-cordoba.csv
Montalvo Constructora,SIN_WEB,,0351 549-4725,,X5006 Córdoba,,,"Hola! Soy Jano Maciel | Clyra Studio de Clyra Studio 👋 Vi a Montalvo Constructora en Google pero no encontré una web propia. Hoy quien te busca en Córdoba elige a las que aparecen primero con web y obras. Te puedo mostrar en 2 minutos una idea de cómo se vería la de Montalvo Constructora, sin compromiso. ¿Te sirve?",https://wa.me/5493515494725,pendiente,constructora-cosquin-cordoba.csv
Empresa Constructora Delta S.A.,WEB_PROPIA,,,https://www.empresadelta.com.ar/,"Av. Duarte Quirós 1400 Local 225, X5000AMB X5000AMB, Córdoba",Una idea para la web de Empresa Constructora Delta S.A.,"Hola, ¿cómo estás? Soy Jano Maciel | Clyra Studio, de Clyra Studio.

Entré a la web de Empresa Constructora Delta S.A. y se nota que ya invirtieron en presencia. Tengo un par de ideas concretas para que rinda más en consultas (velocidad, claridad de la oferta y captación de leads).

¿Te interesa que te las pase en un mensaje corto, sin compromiso?

Saludos,
Jano Maciel | Clyra Studio
Clyra Studio — Desarrollo web
janomaciel1@gmail.com",,,pendiente,constructora-cosquin-cordoba.csv
Constructora Rizoma,SIN_WEB,,0351 399-3236,,"José Manuel Saravia 354, X5012 Córdoba",,,"Hola! Soy Jano Maciel | Clyra Studio de Clyra Studio 👋 Vi a Constructora Rizoma en Google pero no encontré una web propia. Hoy quien te busca en Córdoba elige a las que aparecen primero con web y obras. Te puedo mostrar en 2 minutos una idea de cómo se vería la de Constructora Rizoma, sin compromiso. ¿Te sirve?",https://wa.me/5493513993236,pendiente,constructora-cosquin-cordoba.csv
Constructora Thor SRL,SIN_WEB,,0351 679-9888,,"Isabel la Católica 850, X5000 Córdoba",,,"Hola! Soy Jano Maciel | Clyra Studio de Clyra Studio 👋 Vi a Constructora Thor SRL en Google pero no encontré una web propia. Hoy quien te busca en Córdoba elige a las que aparecen primero con web y obras. Te puedo mostrar en 2 minutos una idea de cómo se vería la de Constructora Thor SRL, sin compromiso. ¿Te sirve?",https://wa.me/5493516799888,pendiente,constructora-cosquin-cordoba.csv
Killa Desarrollos / Constructora Desarrollista,SOLO_REDES,,0351 15-212-8166,https://www.instagram.com/killadesarrollista.cba/,"Tucumán 690, X5000 Córdoba",,,"Hola! Soy Jano Maciel | Clyra Studio de Clyra Studio 👋 Vi tu Instagram de Killa Desarrollos / Constructora Desarrollista, se ve el laburo. El tema es que una red social no aparece en Google ni es 100% tuya — una web propia sí, y convierte mejor a quien te busca en Córdoba. ¿Te muestro cómo quedaría la de Killa Desarrollos / Constructora Desarrollista? Sin compromiso.",https://wa.me/5493512128166,pendiente,constructora-cosquin-cordoba.csv
Britos Constructora,WEB_PROPIA,,0351 480-1759,http://www.britossa.com.ar/,"Igualdad, X5000 Córdoba",Una idea para la web de Britos Constructora,"Hola, ¿cómo estás? Soy Jano Maciel | Clyra Studio, de Clyra Studio.

Entré a la web de Britos Constructora y se nota que ya invirtieron en presencia. Tengo un par de ideas concretas para que rinda más en consultas (velocidad, claridad de la oferta y captación de leads).

¿Te interesa que te las pase en un mensaje corto, sin compromiso?

Saludos,
Jano Maciel | Clyra Studio
Clyra Studio — Desarrollo web
janomaciel1@gmail.com",,,pendiente,constructora-cosquin-cordoba.csv
BZ Arq - CONSTRUCTORA,SIN_WEB,,0351 657-1425,,"Soldado Ruiz 1655, X5000 Córdoba",,,"Hola! Soy Jano Maciel | Clyra Studio de Clyra Studio 👋 Vi a BZ Arq en Google pero no encontré una web propia. Hoy quien te busca en Córdoba elige a las que aparecen primero con web y obras. Te puedo mostrar en 2 minutos una idea de cómo se vería la de BZ Arq, sin compromiso. ¿Te sirve?",https://wa.me/5493516571425,pendiente,constructora-cosquin-cordoba.csv
Constructora del Lazio,SIN_WEB,,0810-777-4329,,"Colectora 2712-3872, X5006KNB Córdoba",,,"Hola! Soy Jano Maciel | Clyra Studio de Clyra Studio 👋 Vi a Constructora del Lazio en Google pero no encontré una web propia. Hoy quien te busca en Córdoba elige a las que aparecen primero con web y obras. Te puedo mostrar en 2 minutos una idea de cómo se vería la de Constructora del Lazio, sin compromiso. ¿Te sirve?",,pendiente,constructora-cosquin-cordoba.csv
Dyasa Empresa Constructora,SIN_WEB,,0351 481-3372,,"Cerro de Las Rosas, Av. Fernando Fader 4244 Oficina 2 Piso 1, X5009 ABW, Córdoba",,,"Hola! Soy Jano Maciel | Clyra Studio de Clyra Studio 👋 Vi a Dyasa Empresa Constructora en Google pero no encontré una web propia. Hoy quien te busca en Oficina 2 Piso 1 elige a las que aparecen primero con web y obras. Te puedo mostrar en 2 minutos una idea de cómo se vería la de Dyasa Empresa Constructora, sin compromiso. ¿Te sirve?",https://wa.me/5493514813372,pendiente,constructora-cosquin-cordoba.csv
Gauros Viviendas,WEB_PROPIA,,0351 360-0347,https://gaurosviviendas.com.ar/,"De los Latinos 7120, Córdoba",Una idea para la web de Gauros Viviendas,"Hola, ¿cómo estás? Soy Jano Maciel | Clyra Studio, de Clyra Studio.

Entré a la web de Gauros Viviendas y se nota que ya invirtieron en presencia. Tengo un par de ideas concretas para que rinda más en consultas (velocidad, claridad de la oferta y captación de leads).

¿Te interesa que te las pase en un mensaje corto, sin compromiso?

Saludos,
Jano Maciel | Clyra Studio
Clyra Studio — Desarrollo web
janomaciel1@gmail.com",,,pendiente,constructora-cosquin-cordoba.csv
Marassa Construcciones,WEB_PROPIA,info@marassaconstrucciones.com.ar,0351 15-391-6285,https://marassaconstrucciones.com.ar/,"Humberto Primo 630 - Capitalinas, X5000 Córdoba",Una idea para la web de Marassa Construcciones,"Hola, ¿cómo estás? Soy Jano Maciel | Clyra Studio, de Clyra Studio.

Entré a la web de Marassa Construcciones y se nota que ya invirtieron en presencia. Tengo un par de ideas concretas para que rinda más en consultas (velocidad, claridad de la oferta y captación de leads).

¿Te interesa que te las pase en un mensaje corto, sin compromiso?

Saludos,
Jano Maciel | Clyra Studio
Clyra Studio — Desarrollo web
janomaciel1@gmail.com",,,pendiente,constructora-cosquin-cordoba.csv
Opm Constructora,SIN_WEB,,,,"Rancagua, X5000 Córdoba",,,"Hola! Soy Jano Maciel | Clyra Studio de Clyra Studio 👋 Vi a Opm Constructora en Google pero no encontré una web propia. Hoy quien te busca en Córdoba elige a las que aparecen primero con web y obras. Te puedo mostrar en 2 minutos una idea de cómo se vería la de Opm Constructora, sin compromiso. ¿Te sirve?",,pendiente,constructora-cosquin-cordoba.csv
Desarrollista / Constructora del interior,SIN_WEB,,,,"Obispo Trejo 650, X5000IYN Córdoba",,,"Hola! Soy Jano Maciel | Clyra Studio de Clyra Studio 👋 Vi a Desarrollista / Constructora del interior en Google pero no encontré una web propia. Hoy quien te busca en Córdoba elige a las que aparecen primero con web y obras. Te puedo mostrar en 2 minutos una idea de cómo se vería la de Desarrollista / Constructora del interior, sin compromiso. ¿Te sirve?",,pendiente,constructora-cosquin-cordoba.csv
Sapyc S.R.L.,WEB_PROPIA,sapyc@sapyc.com,0351 494-0869,http://www.sapyc.com/,"Av. Circunvalación SO 450 (E/salida 12 y 13B) B°, Alejandro Carbó, X5016 AQR, Córdoba",Una idea para la web de Sapyc S.R.L.,"Hola, ¿cómo estás? Soy Jano Maciel | Clyra Studio, de Clyra Studio.

Entré a la web de Sapyc S.R.L. y se nota que ya invirtieron en presencia. Tengo un par de ideas concretas para que rinda más en consultas (velocidad, claridad de la oferta y captación de leads).

¿Te interesa que te las pase en un mensaje corto, sin compromiso?

Saludos,
Jano Maciel | Clyra Studio
Clyra Studio — Desarrollo web
janomaciel1@gmail.com",,,pendiente,constructora-cosquin-cordoba.csv
GRIF SA Constructora,WEB_PROPIA,,,http://www.grif.com.ar/,"Obispo Trejo 648 2 A, X5000 Córdoba",Una idea para la web de GRIF SA Constructora,"Hola, ¿cómo estás? Soy Jano Maciel | Clyra Studio, de Clyra Studio.

Entré a la web de GRIF SA Constructora y se nota que ya invirtieron en presencia. Tengo un par de ideas concretas para que rinda más en consultas (velocidad, claridad de la oferta y captación de leads).

¿Te interesa que te las pase en un mensaje corto, sin compromiso?

Saludos,
Jano Maciel | Clyra Studio
Clyra Studio — Desarrollo web
janomaciel1@gmail.com",,,pendiente,constructora-cosquin-cordoba.csv
Pucheta Construcciones,WEB_PROPIA,empresa@puchetaconstrucciones.com.ar,0351 424-3347,https://puchetaconstrucciones.com.ar/,"Ibarbalz, Av. J. M. de Pueyrredón 979, X5004FAE Córdoba",Una idea para la web de Pucheta Construcciones,"Hola, ¿cómo estás? Soy Jano Maciel | Clyra Studio, de Clyra Studio.

Entré a la web de Pucheta Construcciones y se nota que ya invirtieron en presencia. Tengo un par de ideas concretas para que rinda más en consultas (velocidad, claridad de la oferta y captación de leads).

¿Te interesa que te las pase en un mensaje corto, sin compromiso?

Saludos,
Jano Maciel | Clyra Studio
Clyra Studio — Desarrollo web
janomaciel1@gmail.com",,,pendiente,constructora-cosquin-cordoba.csv
Gb Constructora SRL,SIN_WEB,,0351 465-2131,,"Lagunilla 3476, X5011EKH Córdoba",,,"Hola! Soy Jano Maciel | Clyra Studio de Clyra Studio 👋 Vi a Gb Constructora SRL en Google pero no encontré una web propia. Hoy quien te busca en Córdoba elige a las que aparecen primero con web y obras. Te puedo mostrar en 2 minutos una idea de cómo se vería la de Gb Constructora SRL, sin compromiso. ¿Te sirve?",https://wa.me/5493514652131,pendiente,constructora-cosquin-cordoba.csv
Ceballos construcciones,SIN_WEB,,0351 528-9658,,"Astor Piazzolla, Córdoba",,,"Hola! Soy Jano Maciel | Clyra Studio de Clyra Studio 👋 Vi a Ceballos construcciones en Google pero no encontré una web propia. Hoy quien te busca en Astor Piazzolla elige a las que aparecen primero con web y obras. Te puedo mostrar en 2 minutos una idea de cómo se vería la de Ceballos construcciones, sin compromiso. ¿Te sirve?",https://wa.me/5493515289658,pendiente,constructora-cosquin-cordoba.csv
ARMAG CONSTRUCTORA DESARROLLISTA,SIN_WEB,,0351 552-6042,,"Av. Colón 1530, X5000 Córdoba",,,"Hola! Soy Jano Maciel | Clyra Studio de Clyra Studio 👋 Vi a ARMAG CONSTRUCTORA DESARROLLISTA en Google pero no encontré una web propia. Hoy quien te busca en Córdoba elige a las que aparecen primero con web y obras. Te puedo mostrar en 2 minutos una idea de cómo se vería la de ARMAG CONSTRUCTORA DESARROLLISTA, sin compromiso. ¿Te sirve?",https://wa.me/5493515526042,pendiente,constructora-cosquin-cordoba.csv
LMR CONSTRUCTORA S.A,SIN_WEB,,0351 428-6861,,"27 de Abril 351, X5000 AEG, Córdoba",,,"Hola! Soy Jano Maciel | Clyra Studio de Clyra Studio 👋 Vi a LMR CONSTRUCTORA S.A en Google pero no encontré una web propia. Hoy quien te busca en AEG elige a las que aparecen primero con web y obras. Te puedo mostrar en 2 minutos una idea de cómo se vería la de LMR CONSTRUCTORA S.A, sin compromiso. ¿Te sirve?",https://wa.me/5493514286861,pendiente,constructora-cosquin-cordoba.csv
Ciar Sa Empresa Constructora,SIN_WEB,,0351 423-2365,,"Av. Duarte Quirós 395, X5000 Córdoba",,,"Hola! Soy Jano Maciel | Clyra Studio de Clyra Studio 👋 Vi a Ciar Sa Empresa Constructora en Google pero no encontré una web propia. Hoy quien te busca en Córdoba elige a las que aparecen primero con web y obras. Te puedo mostrar en 2 minutos una idea de cómo se vería la de Ciar Sa Empresa Constructora, sin compromiso. ¿Te sirve?",https://wa.me/5493514232365,pendiente,constructora-cosquin-cordoba.csv
Constructora El Rey SRL,SIN_WEB,,0351 477-0347,,"Av. Monseñor Pablo Cabrera 2870 Loc. 2, X5008HHV Córdoba",,,"Hola! Soy Jano Maciel | Clyra Studio de Clyra Studio 👋 Vi a Constructora El Rey SRL en Google pero no encontré una web propia. Hoy quien te busca en Loc. 2 elige a las que aparecen primero con web y obras. Te puedo mostrar en 2 minutos una idea de cómo se vería la de Constructora El Rey SRL, sin compromiso. ¿Te sirve?",https://wa.me/5493514770347,pendiente,constructora-cosquin-cordoba.csv
Cabial Empresa Constructora,SIN_WEB,,0351 482-2855,,"Pelagio Belindo Luna 3130, X5000 Córdoba",,,"Hola! Soy Jano Maciel | Clyra Studio de Clyra Studio 👋 Vi a Cabial Empresa Constructora en Google pero no encontré una web propia. Hoy quien te busca en Córdoba elige a las que aparecen primero con web y obras. Te puedo mostrar en 2 minutos una idea de cómo se vería la de Cabial Empresa Constructora, sin compromiso. ¿Te sirve?",https://wa.me/5493514822855,pendiente,constructora-cosquin-cordoba.csv
Castor Constructora,SIN_WEB,,0351 480-2096,,"12 de Octubre 2335, X5003AUI Córdoba",,,"Hola! Soy Jano Maciel | Clyra Studio de Clyra Studio 👋 Vi a Castor Constructora en Google pero no encontré una web propia. Hoy quien te busca en Córdoba elige a las que aparecen primero con web y obras. Te puedo mostrar en 2 minutos una idea de cómo se vería la de Castor Constructora, sin compromiso. ¿Te sirve?",https://wa.me/5493514802096,pendiente,constructora-cosquin-cordoba.csv
ZOE Constructora,SIN_WEB,,0351 310-5447,,"Av. Maipú 55, X5000IBA Córdoba",,,"Hola! Soy Jano Maciel | Clyra Studio de Clyra Studio 👋 Vi a ZOE Constructora en Google pero no encontré una web propia. Hoy quien te busca en Córdoba elige a las que aparecen primero con web y obras. Te puedo mostrar en 2 minutos una idea de cómo se vería la de ZOE Constructora, sin compromiso. ¿Te sirve?",https://wa.me/5493513105447,pendiente,constructora-cosquin-cordoba.csv
COROBRA Empresa Constructora,WEB_PROPIA,corobrasrl@gmail.com,0351 328-0093,http://www.corobra.com/,"Fulgencio Montemayor 1338, X5013CKB Córdoba",Una idea para la web de COROBRA Empresa Constructora,"Hola, ¿cómo estás? Soy Jano Maciel | Clyra Studio, de Clyra Studio.

Entré a la web de COROBRA Empresa Constructora y se nota que ya invirtieron en presencia. Tengo un par de ideas concretas para que rinda más en consultas (velocidad, claridad de la oferta y captación de leads).

¿Te interesa que te las pase en un mensaje corto, sin compromiso?

Saludos,
Jano Maciel | Clyra Studio
Clyra Studio — Desarrollo web
janomaciel1@gmail.com",,,pendiente,constructora-cosquin-cordoba.csv
CasaClick Inmobiliaria y Constructora,WEB_PROPIA,inmobiliariacasaclick@gmail.com,03548 63-1363,https://casa-click.com.ar/,"Francisco Ramírez 172, X5176 Huerta Grande, Córdoba",Una idea para la web de CasaClick Inmobiliaria y Constructora,"Hola, ¿cómo estás? Soy Jano Maciel | Clyra Studio, de Clyra Studio.

Entré a la web de CasaClick Inmobiliaria y Constructora y se nota que ya invirtieron en presencia. Tengo un par de ideas concretas para que rinda más en consultas (velocidad, claridad de la oferta y captación de leads).

¿Te interesa que te las pase en un mensaje corto, sin compromiso?

Saludos,
Jano Maciel | Clyra Studio
Clyra Studio — Desarrollo web
janomaciel1@gmail.com",,,pendiente,constructora-cosquin-cordoba.csv
BASAA Constructora | BASAA S.A.,WEB_PROPIA,,0351 480-0179,http://www.basaa.com.ar/,"Igualdad 4000, X5003BHT Córdoba",Una idea para la web de BASAA Constructora,"Hola, ¿cómo estás? Soy Jano Maciel | Clyra Studio, de Clyra Studio.

Entré a la web de BASAA Constructora y se nota que ya invirtieron en presencia. Tengo un par de ideas concretas para que rinda más en consultas (velocidad, claridad de la oferta y captación de leads).

¿Te interesa que te las pase en un mensaje corto, sin compromiso?

Saludos,
Jano Maciel | Clyra Studio
Clyra Studio — Desarrollo web
janomaciel1@gmail.com",,,pendiente,constructora-cosquin-cordoba.csv
Constructora Territorial SA,SIN_WEB,,0351 424-3938,,"Jujuy 8, X5022FMB Córdoba",,,"Hola! Soy Jano Maciel | Clyra Studio de Clyra Studio 👋 Vi a Constructora Territorial SA en Google pero no encontré una web propia. Hoy quien te busca en Córdoba elige a las que aparecen primero con web y obras. Te puedo mostrar en 2 minutos una idea de cómo se vería la de Constructora Territorial SA, sin compromiso. ¿Te sirve?",https://wa.me/5493514243938,pendiente,constructora-cosquin-cordoba.csv
Jmc & Asociados Constructora,SOLO_REDES,,03546 47-7202,https://www.facebook.com/Jmc-Asociados-Constructora-101840319075315/,"Blvd. San Juan 2000, X5000 Córdoba",,,"Hola! Soy Jano Maciel | Clyra Studio de Clyra Studio 👋 Vi tu Facebook de Jmc & Asociados Constructora, se ve el laburo. El tema es que una red social no aparece en Google ni es 100% tuya — una web propia sí, y convierte mejor a quien te busca en Córdoba. ¿Te muestro cómo quedaría la de Jmc & Asociados Constructora? Sin compromiso.",https://wa.me/5493546477202,pendiente,constructora-cosquin-cordoba.csv
DI LUCA | Constructora - Movimientos De Suelo - Excavaciones -,SIN_WEB,,0351 903-7342,,"Rufino Cuervo 1085, X5008 Córdoba",,,"Hola! Soy Jano Maciel | Clyra Studio de Clyra Studio 👋 Vi a DI LUCA en Google pero no encontré una web propia. Hoy quien te busca en Córdoba elige a las que aparecen primero con web y obras. Te puedo mostrar en 2 minutos una idea de cómo se vería la de DI LUCA, sin compromiso. ¿Te sirve?",https://wa.me/5493519037342,pendiente,constructora-cosquin-cordoba.csv
fymac constructora,WEB_PROPIA,,,https://fymac-construcciones.webnode.com/contacto/,"AV.URUGUAY, Av. San Martín ESQ, X5152 Villa Carlos Paz, Córdoba",Una idea para la web de fymac constructora,"Hola, ¿cómo estás? Soy Jano Maciel | Clyra Studio, de Clyra Studio.

Entré a la web de fymac constructora y se nota que ya invirtieron en presencia. Tengo un par de ideas concretas para que rinda más en consultas (velocidad, claridad de la oferta y captación de leads).

¿Te interesa que te las pase en un mensaje corto, sin compromiso?

Saludos,
Jano Maciel | Clyra Studio
Clyra Studio — Desarrollo web
janomaciel1@gmail.com",,,pendiente,constructora-cosquin-cordoba.csv
A Blanco Empresa Constructora SRL,SIN_WEB,,0351 487-1618,,"De n C rdoba, Deán Funes 2306, X5003CVP Córdoba",,,"Hola! Soy Jano Maciel | Clyra Studio de Clyra Studio 👋 Vi a A Blanco Empresa Constructora SRL en Google pero no encontré una web propia. Hoy quien te busca en Córdoba elige a las que aparecen primero con web y obras. Te puedo mostrar en 2 minutos una idea de cómo se vería la de A Blanco Empresa Constructora SRL, sin compromiso. ¿Te sirve?",https://wa.me/5493514871618,pendiente,constructora-cosquin-cordoba.csv
Embesa Constructora,WEB_PROPIA,info@embesa.ar,0351 862-7077,http://www.embesa.ar/,"Juan José Paso 1797, X5000 Córdoba",Una idea para la web de Embesa Constructora,"Hola, ¿cómo estás? Soy Jano Maciel | Clyra Studio, de Clyra Studio.

Entré a la web de Embesa Constructora y se nota que ya invirtieron en presencia. Tengo un par de ideas concretas para que rinda más en consultas (velocidad, claridad de la oferta y captación de leads).

¿Te interesa que te las pase en un mensaje corto, sin compromiso?

Saludos,
Jano Maciel | Clyra Studio
Clyra Studio — Desarrollo web
janomaciel1@gmail.com",,,pendiente,constructora-cosquin-cordoba.csv
Constructora 0.cero_arquitectura,SOLO_REDES,,03498 44-0831,https://www.facebook.com/1375526979145957/posts/5266793173352632/,"Los Condores 342, X5152 Villa Carlos Paz, Córdoba",,,"Hola! Soy Jano Maciel | Clyra Studio de Clyra Studio 👋 Vi tu Facebook de Constructora 0.cero_arquitectura, se ve el laburo. El tema es que una red social no aparece en Google ni es 100% tuya — una web propia sí, y convierte mejor a quien te busca en Villa Carlos Paz. ¿Te muestro cómo quedaría la de Constructora 0.cero_arquitectura? Sin compromiso.",https://wa.me/5493498440831,pendiente,constructora-cosquin-cordoba.csv
Constructora Eblagon,SIN_WEB,,,,Córdoba,,,"Hola! Soy Jano Maciel | Clyra Studio de Clyra Studio 👋 Vi a Constructora Eblagon en Google pero no encontré una web propia. Hoy quien te busca en Córdoba elige a las que aparecen primero con web y obras. Te puedo mostrar en 2 minutos una idea de cómo se vería la de Constructora Eblagon, sin compromiso. ¿Te sirve?",,pendiente,constructora-cosquin-cordoba.csv
Sestopal Empresa Constructora,SIN_WEB,,,,"Unnamed Road, Córdoba",,,"Hola! Soy Jano Maciel | Clyra Studio de Clyra Studio 👋 Vi a Sestopal Empresa Constructora en Google pero no encontré una web propia. Hoy quien te busca en Unnamed Road elige a las que aparecen primero con web y obras. Te puedo mostrar en 2 minutos una idea de cómo se vería la de Sestopal Empresa Constructora, sin compromiso. ¿Te sirve?",,pendiente,constructora-cosquin-cordoba.csv
Constructora Sur,SIN_WEB,,,,"Octavio Pinto 2874, X5000 Córdoba",,,"Hola! Soy Jano Maciel | Clyra Studio de Clyra Studio 👋 Vi a Constructora Sur en Google pero no encontré una web propia. Hoy quien te busca en Córdoba elige a las que aparecen primero con web y obras. Te puedo mostrar en 2 minutos una idea de cómo se vería la de Constructora Sur, sin compromiso. ¿Te sirve?",,pendiente,constructora-cosquin-cordoba.csv
